hand,ioc,height,player,fullname,birthdate
R,GBR,169.0,Lottie Dod,Dod L.,1872-09-24
R,USA,152.0,Juliette Atkinson,Atkinson J.,1873-04-15
R,USA,178.0,Marion Jones,Jones M.,1879-11-02
R,USA,164.0,May Sutton,Sutton M.,1886-09-25
R,USA,157.0,Mary Browne,Browne M.,1891-06-03
R,USA,163.0,Marion Jessup,Jessup M.,1896-05-06
R,FRA,178.0,Suzanne Lenglen,Lenglen S.,1899-05-24
L,USA,174.0,DUPE Lilian Scharman,Scharman L.,1901-06-26
L,USA,174.0,Lillian Scharman,Scharman L.,1901-06-26
R,USA,171.0,Helen Wills,Wills H.,1905-10-06
R,GER,152.0,Cilly Aussem,Aussem C.,1909-01-04
R,IND,147.0,Leela Row,Row L.,1911-12-19
R,USA,163.0,Sarah Palfrey Cooke,Palfrey Cooke S.,1912-09-18
R,ITA,168.0,Annalisa Bossi,Bossi A.,1915-11-03
R,CHI,159.0,Anita Lizana,Lizana A.,1915-11-19
R,AUS,178.0,Nancye Wynne Bolton,Wynne Bolton N.,1916-12-02
R,AUS,170.0,Thelma Long,Long T.,1918-10-14
R,USA,166.0,Pauline Betz,Betz P.,1919-08-06
R,GBR,146.0,Gem Hoahing,Hoahing G.,1920-10-20
R,USA,171.0,Louise Brough,Brough L.,1923-03-11
R,USA,173.0,Gussie Moran,Moran G.,1923-09-08
R,USA,165.0,Shirley Fry,Fry S.,1927-06-30
R,USA,180.0,Althea Gibson,Gibson A.,1927-08-25
R,USA,170.0,Nancy Chaffee,Chaffee N.,1929-03-06
R,USA,163.0,Beverly Baker Fleitz,Baker Fleitz B.,1930-03-13
R,USA,173.0,Pat Stewart,Stewart P.,1934-08-19
R,USA,165.0,Maureen Connolly,Connolly M.,1934-09-17
R,USA,170.0,Darlene Hard,Hard D.,1936-01-06
R,AUS,155.0,Lorraine Coghlan,Coghlan L.,1937-09-23
R,BRA,170.0,Maria Bueno,Bueno M.,1939-10-11
R,GBR,151.0,Deidre Catt,Catt D.,1940-07-04
R,AUS,175.0,Margaret Court,Court M.,1942-07-16
R,USA,160.0,Nancy Richey,Richey N.,1942-08-23
R,USA,170.0,Karen Susman,Susman K.,1942-12-11
R,FRA,162.0,Francoise Durr,Durr F.,1942-12-25
R,USA,171.0,Carol Aucamp,Aucamp C.,1943-04-02
R,RSA,180.0,Annette Van Zyl,Van Zyl A.,1943-09-25
R,USA,168.0,Billie Jean King,King J.,1943-11-22
R,NED,185.0,Betty Stove,Stove B.,1945-06-24
R,GBR,170.0,Virginia Wade,Wade V.,1945-07-10
R,USA,170.0,Julie Heldman,Heldman J.,1945-12-08
L,USA,158.0,Stephanie Defina,Defina S.,1946-03-08
R,HUN,175.0,Marie Pinterova,Pinterova M.,1946-08-16
R,AUS,166.0,Helen Gourlay,Gourlay H.,1946-12-23
R,AUS,188.0,Karen Krantzcke,Krantzcke K.,1947-02-01
R,AUS,166.0,Kerry Reid,Reid K.,1947-08-07
R,FRG,173.0,Katja Ebbinghaus,Ebbinghaus K.,1948-06-01
R,USA,157.0,Rosie Casals,Casals R.,1948-09-16
R,URS,170.0,Olga Morozova,Morozova O.,1949-02-22
R,USA,173.0,Valerie Ziegenfuss,Ziegenfuss V.,1949-06-29
R,AUS,173.0,Kerry Harris,Harris K.,1949-09-19
R,GER,172.0,Heidi Eisterlehner,Eisterlehner H.,1949-10-25
R,USA,175.0,Betty Ann Grubb,Grubb A.,1950-02-26
R,AUS,168.0,Lesley Hunt,Hunt L.,1950-05-29
R,USA,163.0,Linda Tuero,Tuero L.,1950-10-21
R,USA,154.0,Pam Richmond,Richmond P.,1950-10-25
R,AUS,168.0,Cynthia Doerner,Doerner C.,1951-02-11
R,USA,178.0,Pam Teeguarden,Teeguarden P.,1951-04-17
R,AUS,168.0,Evonne Goolagong,Goolagong E.,1951-07-31
R,URU,170.0,Fiorella Bonicelli,Bonicelli F.,1951-12-21
R,USA,174.0,Sharon Walsh Pete,Walsh Pete S.,1952-02-24
L,USA,168.0,Kristien Shaw,Shaw K.,1952-07-25
R,USA,168.0,Kate Latham,Latham K.,1952-10-25
R,AUS,164.0,Wendy Turnbull,Turnbull W.,1952-11-26
R,USA,170.0,Janet Newberry,Newberry J.,1953-08-06
R,GBR,173.0,Glynis Coles,Coles G.,1954-02-20
R,USA,173.0,Joanne Russell,Russell J.,1954-10-30
R,GER,168.0,Renata Tomanova,Tomanova R.,1954-12-09
R,USA,168.0,Chris Evert,Evert C.,1954-12-21
R,ROU,173.0,Virginia Ruzici,Ruzici V.,1955-01-31
R,USA,173.0,Candy Reynolds,Reynolds C.,1955-03-24
R,USA,165.0,Diane Desfor,Desfor D.,1955-06-15
R,ROU,165.0,Florenta Mihai,Mihai F.,1955-09-02
L,USA,180.0,Terry Holladay,Holladay T.,1955-11-28
R,RSA,169.0,Brigette Cuypers,Cuypers B.,1955-12-03
R,USA,165.0,Marita Redondo,Redondo M.,1956-02-19
L,RSA,164.0,Ilana Kloss,Kloss I.,1956-03-12
R,AUS,175.0,Chris Oneil,Oneil C.,1956-03-19
R,GBR,165.0,Sue Barker,Barker S.,1956-04-19
R,USA,163.0,Rayni Fox,Fox R.,1956-05-24
R,USA,173.0,Kathy May,May K.,1956-06-18
R,SLO,160.0,Mima Jausovec,Jausovec M.,1956-07-20
L,AUS,165.0,Dianne Fromholtz,Fromholtz D.,1956-08-10
R,SWE,168.0,Helena Anliot,Anliot H.,1956-09-26
L,USA,173.0,Martina Navratilova,Navratilova M.,1956-10-18
R,USA,175.0,Betsy Nagelsen,Nagelsen B.,1956-10-23
R,RSA,156.0,Yvonne Vermaak,Vermaak Y.,1956-12-18
R,USA,170.0,Paula Smith,Smith P.,1957-01-10
R,RSA,168.0,Greer Stevens,Stevens G.,1957-02-15
L,USA,183.0,Mary Carillo,Carillo M.,1957-03-12
R,USA,165.0,Barbara Jordan,Jordan B.,1957-04-02
R,USA,173.0,Barbara Hallquist,Hallquist B.,1957-05-01
L,AUS,168.0,Leanne Harrison Austin,Harrison Austin L.,1958-04-10
R,RSA,168.0,Marise Kruger,Kruger M.,1958-07-17
R,RSA,162.0,Tanya Harford,Harford T.,1958-11-28
R,USA,165.0,Lea Antonoplis,Antonoplis L.,1959-01-20
L,USA,161.0,Stacy Margolin,Margolin S.,1959-04-05
R,USA,173.0,Sherry Acker,Acker S.,1959-06-06
R,USA,165.0,Anne Smith,Smith A.,1959-07-01
R,GBR,167.0,Anne Hobbs,Hobbs A.,1959-08-21
R,FRA,167.0,Catherine Suire,Suire C.,1959-09-15
L,GER,173.0,Sylvia Hanika,Hanika S.,1959-11-30
R,USA,173.0,Kathy Jordan,Jordan K.,1959-12-03
R,ITA,170.0,Sabina Simmonds,Simmonds S.,1960-04-17
R,AUS,168.0,Amanda Tobin,Tobin A.,1960-06-08
R,GBR,163.0,Jo Durie,Durie J.,1960-07-27
R,USA,173.0,Rosalyn Fairbank,Fairbank R.,1960-11-02
R,SUI,165.0,Hana Strachonova,Strachonova H.,1961-01-02
R,GER,175.0,Eva Pfaff,Pfaff E.,1961-02-10
R,USA,165.0,Heather Ludloff,Ludloff H.,1961-06-11
R,USA,165.0,Kathleen Cummings,Cummings K.,1961-09-05
R,SUI,173.0,Christiane Jolissaint,Jolissaint C.,1961-09-12
R,USA,180.0,Anne White,White A.,1961-09-28
L,USA,175.0,Barbara Potter,Potter B.,1961-10-22
L,RSA,178.0,Jennifer Mundel,Mundel J.,1962-01-20
R,AUS,173.0,Hana Mandlikova,Mandlikova H.,1962-02-19
R,RSA,160.0,Beverly Mould,Mould B.,1962-03-13
R,USA,168.0,Susie Jaeger,Jaeger S.,1962-03-29
R,USA,183.0,Pam Shriver,Shriver P.,1962-07-04
R,USA,168.0,Vicki Nelson,Nelson V.,1962-09-25
R,USA,165.0,Tracy Austin,Austin T.,1962-12-12
R,AUS,165.0,Anne Minter,Minter A.,1963-04-03
R,AUS,170.0,Liz Smylie,Smylie L.,1963-04-11
R,GER,173.0,Bettina Bunge,Bunge B.,1963-06-13
R,SWE,165.0,Catarina Lindqvist Ryan,Lindqvist Ryan C.,1963-06-13
R,FRA,165.0,Sophie Amiach,Amiach S.,1963-11-10
R,USA,164.0,Zina Garrison,Garrison Z.,1963-11-16
R,USA,164.0,Robin White,White R.,1963-12-10
R,GER,187.0,Claudia Kohde Kilsch,Kohde Kilsch C.,1963-12-11
R,PER,173.0,Laura Arraya,Arraya L.,1964-01-12
R,USA,173.0,Andrea Leand,Leand A.,1964-01-18
R,USA,170.0,Gretchen Magers,Magers G.,1964-02-07
R,NED,173.0,Manon Bollegraf,Bollegraf M.,1964-04-10
L,GBR,188.0,Sara Gomer,Gomer S.,1964-05-13
R,USA,170.0,Beth Herr,Herr B.,1964-05-28
R,USA,173.0,Susan Mascarin,Mascarin S.,1964-06-28
R,JPN,164.0,Etsuko Inoue,Inoue E.,1964-10-18
R,CAN,170.0,Jill Hetherington,Hetherington J.,1964-10-27
R,CZE,188.0,Helena Sukova,Sukova H.,1965-02-23
R,ITA,170.0,Sandra Cecchini,Cecchini S.,1965-02-27
R,USA,165.0,Patty Fendick,Fendick P.,1965-03-31
R,FRA,174.0,Catherine Tanvier,Tanvier C.,1965-05-28
R,USA,168.0,Andrea Jaeger,Jaeger A.,1965-06-04
R,CAN,163.0,Patricia Hy Boulais,Hy Boulais P.,1965-08-22
R,USA,170.0,Kathy Horvath,Horvath K.,1965-08-25
L,NZL,175.0,Belinda Cordwell,Cordwell B.,1965-09-21
R,ISR,169.0,Ilana Berger,Berger I.,1965-12-31
L,CAN,165.0,Rene Simpson,Simpson R.,1966-01-14
R,SUI,180.0,Eva Krapl,Krapl E.,1966-01-16
R,HUN,182.0,Andrea Temesvari,Temesvari A.,1966-04-26
L,USA,175.0,Camille Benjamin,Benjamin C.,1966-06-02
R,ARG,180.0,Mercedes Paz,Paz M.,1966-06-27
R,SUI,173.0,Manuela Maleeva Fragniere,Maleeva Fragniere M.,1967-02-14
R,NED,179.0,Nicole Jagerman,Jagerman N.,1967-07-23
R,CAN,168.0,Carling Bassett Seguso,Bassett Seguso C.,1967-10-09
R,FRA,165.0,Nathalie Tauziat,Tauziat N.,1967-10-17
R,ITA,166.0,Laura Garrone,Garrone L.,1967-11-15
R,ITA,165.0,Laura Golarsa,Golarsa L.,1967-11-27
R,GEO,164.0,Leila Meskhi,Meskhi L.,1968-01-05
R,RUS,178.0,Eugenia Maniokova,Maniokova E.,1968-05-17
R,SWE,178.0,Cecilia Dahlman,Dahlman C.,1968-07-24
R,USA,165.0,Katrina Adams,Adams K.,1968-08-05
R,ARG,165.0,Patricia Tarabini,Tarabini P.,1968-08-06
R,AUT,175.0,Karin Kschwendt,Kschwendt K.,1968-09-14
R,CZE,175.0,Jana Novotna,Novotna J.,1968-10-02
R,USA,180.0,Shaun Stafford,Stafford S.,1968-12-13
R,ITA,159.0,Flora Perfetti,Perfetti F.,1969-01-29
R,AUS,146.0,Michelle Jaggard Lai,Jaggard Lai M.,1969-05-06
R,BUL,168.0,Katerina Maleeva,Maleeva K.,1969-05-07
R,GER,170.0,Wiltrud Probst,Probst W.,1969-05-29
R,NZL,170.0,Hana Adamkova Guy,Adamkova Guy H.,1969-06-08
R,GER,175.0,Steffi Graf,Graf S.,1969-06-14
L,USA,177.0,Nicole Arendt,Arendt N.,1969-08-26
R,USA,168.0,Sandra Birch,Birch S.,1969-09-03
R,AUS,176.0,Nicole Bradtke,Bradtke N.,1969-09-22
R,USA,180.0,Stephanie Rehe,Rehe S.,1969-11-05
R,AUS,177.0,Kristine Kunce,Kunce K.,1970-03-03
R,NED,180.0,Caroline Vis,Vis C.,1970-03-04
R,BEL,173.0,Sandra Wasserman,Wasserman S.,1970-03-10
R,ARG,175.0,Gabriela Sabatini,Sabatini G.,1970-05-16
R,BEL,178.0,Els Callens,Callens E.,1970-08-20
R,USA,183.0,Debbie Graham,Graham D.,1970-08-25
R,AUT,177.0,Barbara Paulus,Paulus B.,1970-09-01
R,FRA,173.0,Julie Halard Decugis,Halard Decugis J.,1970-09-10
R,JPN,163.0,Kimiko Date Krumm,Date Krumm K.,1970-09-28
R,INA,164.0,Yayuk Basuki,Basuki Y.,1970-11-30
R,SVK,169.0,Radomira Zrubakova,Zrubakova R.,1970-12-26
R,NED,188.0,Brenda Schultz Mccarthy,Schultz Mccarthy B.,1970-12-28
R,JPN,160.0,Mana Endo,Endo M.,1971-02-06
R,RSA,177.0,Mariaan De Swardt,De Swardt M.,1971-03-18
R,CAN,175.0,Maureen Drake,Drake M.,1971-03-21
R,AUS,178.0,Rennae Stubbs,Stubbs R.,1971-03-26
R,LAT,170.0,Agnese Gustmane,Gustmane A.,1971-04-09
R,JPN,163.0,Nana Smith,Smith N.,1971-04-10
R,BLR,174.0,Natalia Zvereva,Zvereva N.,1971-04-16
R,RSA,169.0,Kim Grant,Grant K.,1971-05-01
L,ARG,170.0,Florencia Labat,Labat F.,1971-06-12
R,USA,175.0,Mary Joe Fernandez,Fernandez J.,1971-08-19
R,USA,157.0,Kimberly Po Messerli,Po Messerli K.,1971-10-20
R,RSA,158.0,Amanda Coetzer,Coetzer A.,1971-10-22
R,UKR,176.0,Natalia Medvedeva,Medvedeva N.,1971-11-15
R,JPN,164.0,Yone Kamio,Kamio Y.,1971-11-22
R,JPN,157.0,Rika Hiraki,Hiraki R.,1971-12-06
R,ESP,168.0,Arantxa Sanchez Vicario,Sanchez Vicario A.,1971-12-18
R,GBR,168.0,Rachel Viollet,Viollet R.,1972-02-11
R,JPN,164.0,Naoko Kijimuta,Kijimuta N.,1972-03-26
R,FRA,176.0,Sandrine Testud,Testud S.,1972-04-03
R,ESP,170.0,Conchita Martinez,Martinez C.,1972-04-16
L,BEL,168.0,Sabine Appelmans,Appelmans S.,1972-04-22
R,ITA,172.0,Silvia Farina Elia,Farina Elia S.,1972-04-27
R,AUT,168.0,Petra Schwarz,Schwarz P.,1972-05-24
R,SVK,172.0,Katarina Studenikova,Studenikova K.,1972-09-02
R,NED,169.0,Miriam Oremans,Oremans M.,1972-09-09
R,USA,175.0,Amy Frazier,Frazier A.,1972-09-19
R,ROU,168.0,Ruxandra Dragomir Ilie,Dragomir Ilie R.,1972-10-24
R,HUN,172.0,Virag Csurgo,Csurgo V.,1972-11-10
R,AUS,159.0,Kerry Anne Guse,Guse A.,1972-12-04
R,AUT,172.0,Marion Maruska,Maruska M.,1972-12-15
R,CHN,166.0,Fang Li,Li F.,1973-01-01
R,ITA,168.0,Katia Piccolini,Piccolini K.,1973-01-15
R,CRO,177.0,Nadin Ercegovic,Ercegovic N.,1973-02-02
R,CZE,172.0,Radka Bobkova,Bobkova R.,1973-02-12
R,AUS,163.0,Nicole Pratt,Pratt N.,1973-03-05
R,JPN,167.0,Naoko Sawamatsu,Sawamatsu N.,1973-03-23
R,CRO,175.0,Maja Palaversic,Palaversic M.,1973-03-24
R,ISR,172.0,Tzipi Obziler,Obziler T.,1973-04-19
R,GER,173.0,Barbara Rittner,Rittner B.,1973-04-25
R,BEL,170.0,Dominique Monami,Monami D.,1973-05-31
R,AUS,171.0,Catherine Barclay,Barclay C.,1973-06-12
R,FRA,183.0,Caroline Dhenin,Dhenin C.,1973-06-13
R,ARG,169.0,Ines Gorrochategui,Gorrochategui I.,1973-06-13
R,SVK,170.0,Karina Habsudova,Habsudova K.,1973-08-02
R,USA,165.0,Lisa Raymond,Raymond L.,1973-08-10
R,RSA,179.0,Joannette Kruger,Kruger J.,1973-09-03
R,ESP,169.0,Virginia Ruano Pascual,Ruano Pascual V.,1973-09-21
L,ROU,168.0,Andreea Ehritt Vanc,Ehritt Vanc A.,1973-10-06
R,TPE,171.0,Shi Ting Wang,Wang T.,1973-10-19
R,FRA,176.0,Alexandra Fusai,Fusai A.,1973-11-22
L,USA,178.0,Monica Seles,Seles M.,1973-12-02
R,NED,178.0,Kristie Boogert,Boogert K.,1973-12-16
L,ESP,163.0,Gala Leon Garcia,Leon Garcia G.,1973-12-23
R,BUL,180.0,Svetlana Krivencheva,Krivencheva S.,1973-12-30
R,UKR,170.0,Olga Lugina,Lugina O.,1974-01-08
R,FRA,173.0,Lea Ghirardi,Ghirardi L.,1974-02-10
R,CHN,168.0,Jing Qian Yi,Yi Q.,1974-02-28
R,SLO,175.0,Tina Krizan,Krizan T.,1974-03-18
R,ROU,175.0,Irina Spirlea,Spirlea I.,1974-03-26
R,ITA,170.0,Germana Di Natale,Di Natale G.,1974-04-02
R,NED,166.0,Seda Noorlander,Noorlander S.,1974-05-22
R,VEN,168.0,Maria Vento Kabchi,Vento Kabchi M.,1974-05-24
R,SVK,169.0,Janette Husarova,Husarova J.,1974-06-04
R,CAN,175.0,Jana Nejedly,Nejedly J.,1974-06-09
R,USA,165.0,Jane Chi,Chi J.,1974-06-21
R,USA,160.0,Jill Craybas,Craybas J.,1974-07-04
R,GBR,159.0,Lucie Ahl,Ahl L.,1974-07-23
R,HUN,165.0,Anna Foldenyi Dicker,Foldenyi Dicker A.,1974-08-22
R,ESP,171.0,Cristina Torrens Valero,Torrens Valero C.,1974-09-12
R,AUS,174.0,Lisa Mcshea,Mcshea L.,1974-10-29
R,GER,173.0,Meike Babel,Babel M.,1974-11-22
R,GER,173.0,Anke Huber,Huber A.,1974-12-04
R,FRA,178.0,Mary Pierce,Pierce M.,1975-01-15
R,KOR,165.0,Sung Hee Park,Park H.,1975-02-17
R,ITA,177.0,Rita Grande,Grande R.,1975-03-23
R,BUL,168.0,Magdalena Maleeva,Maleeva M.,1975-04-01
R,GER,178.0,Petra Begerow,Begerow P.,1975-04-14
R,PAR,170.0,Larissa Schaerer,Schaerer L.,1975-04-15
R,ROU,178.0,Catalina Cristea,Cristea C.,1975-06-02
R,SWE,178.0,Asa Carlsson,Carlsson A.,1975-06-16
R,JPN,163.0,Ai Sugiyama,Sugiyama A.,1975-07-05
R,CZE,165.0,Kveta Peschke,Peschke K.,1975-07-09
R,GER,168.0,Marketa Kochta,Kochta M.,1975-07-14
R,ITA,163.0,Gloria Pizzichini,Pizzichini G.,1975-07-24
R,ESP,157.0,Angeles Montolio,Montolio A.,1975-08-06
R,RUS,174.0,Elena Likhovtseva,Likhovtseva E.,1975-09-08
R,PAR,170.0,Rossana De Los Rios,De Los Rios R.,1975-09-16
R,LUX,165.0,Anne Kremer,Kremer A.,1975-10-17
L,GBR,173.0,Julie Pullin,Pullin J.,1975-11-05
R,CZE,175.0,Alena Vaskova,Vaskova A.,1975-11-08
R,BEL,172.0,Laurence Courtois,Courtois L.,1976-01-18
L,CAN,180.0,Vanessa Webb,Webb V.,1976-01-24
L,BEL,160.0,Nancy Feber,Feber N.,1976-02-05
R,NED,167.0,Amanda Hopmans,Hopmans A.,1976-02-11
R,USA,168.0,Chanda Rubin,Rubin C.,1976-02-18
R,ITA,160.0,Adriana Serra Zanetti,Serra Zanetti A.,1976-03-05
R,AUT,176.0,Barbara Schett,Schett B.,1976-03-10
R,ARG,172.0,Mariana Diaz Oliva,Diaz Oliva M.,1976-03-11
R,JPN,168.0,Miho Saeki,Saeki M.,1976-03-18
R,USA,170.0,Jennifer Capriati,Capriati J.,1976-03-29
R,JPN,161.0,Yuka Yoshida,Yoshida Y.,1976-04-01
R,CZE,170.0,Lenka Nemeckova,Nemeckova L.,1976-04-20
R,CAN,157.0,Sonya Jeyaseelan,Jeyaseelan S.,1976-04-24
R,ITA,175.0,Alessia Lombardi,Lombardi A.,1976-05-24
R,USA,168.0,Mashona Washington,Washington M.,1976-05-31
R,USA,189.0,Lindsay Davenport,Davenport L.,1976-06-08
R,ARG,170.0,Paola Suarez,Suarez P.,1976-06-23
R,CZE,166.0,Adriana Gersi,Gersi A.,1976-06-26
R,JPN,170.0,Shinobu Asagoe,Asagoe S.,1976-06-28
R,NOR,173.0,Karoline Borgersen,Borgersen K.,1976-07-01
R,SUI,171.0,Emmanuelle Gagliardi,Gagliardi E.,1976-07-09
R,ISR,157.0,Anna Smashnova,Smashnova A.,1976-07-16
R,GER,168.0,Andrea Glass,Glass A.,1976-07-17
R,BEL,172.0,Stephanie De Ville,De Ville S.,1976-07-24
R,CAN,168.0,Renata Kolbovic,Kolbovic R.,1976-07-30
R,RUS,154.0,Tatiana Panova,Panova T.,1976-08-13
R,USA,180.0,Liezel Huber,Huber L.,1976-08-21
L,UKR,170.0,Elena Tatarkova,Tatarkova E.,1976-08-22
R,GER,181.0,Jana Kandarr,Kandarr J.,1976-09-21
R,BRA,173.0,Vanessa Menga,Menga V.,1976-10-20
R,BEL,165.0,Patty Van Acker,Van Acker P.,1976-10-21
R,TPE,175.0,Janet Lee,Lee J.,1976-10-22
R,AUT,168.0,Evelyn Fauth,Fauth E.,1976-11-27
R,IND,170.0,Nirupama Vaidyanathan,Vaidyanathan N.,1976-12-08
R,RUS,168.0,Alina Jidkova,Jidkova A.,1977-01-18
R,CZE,175.0,Lenka Cenkova,Cenkova L.,1977-01-24
R,FRA,162.0,Sophie Georges,Georges S.,1977-02-08
R,MAD,165.0,Dally Randriantefy,Randriantefy D.,1977-02-23
R,PUR,168.0,Kristina Brandi,Brandi K.,1977-03-29
L,GER,175.0,Anca Barna,Barna A.,1977-05-14
R,THA,165.0,Tamarine Tanasugarn,Tanasugarn T.,1977-05-24
R,USA,175.0,Tara Snyder,Snyder T.,1977-05-26
R,JPN,168.0,Haruka Inoue,Inoue H.,1977-06-07
R,GER,172.0,Angelika Roesch,Roesch A.,1977-06-08
R,NED,175.0,Yvette Basting,Basting Y.,1977-06-08
R,ITA,172.0,Tathiana Garbin,Garbin T.,1977-06-30
R,TUN,166.0,Selima Sfar,Sfar S.,1977-07-08
L,ITA,168.0,Francesca Lubiani,Lubiani F.,1977-07-12
R,AUT,177.0,Sylvia Plischke,Plischke S.,1977-07-20
R,CRO,175.0,Iva Majoli,Majoli I.,1977-08-12
R,AUS,175.0,Jodi Richardson,Richardson J.,1977-08-12
L,AUS,170.0,Trudi Musgrave,Musgrave T.,1977-09-10
R,IND,170.0,Rushmi Chakravarthi,Chakravarthi R.,1977-10-09
R,ESP,171.0,Maria Sanchez Lorenzo,Sanchez Lorenzo M.,1977-11-07
R,POL,165.0,Aleksandra Olsza,Olsza A.,1977-12-08
R,USA,155.0,Karin Miller,Miller K.,1977-12-10
R,CRO,173.0,Silvija Talaja,Talaja S.,1978-01-14
R,USA,163.0,Meilen Tu,Tu M.,1978-01-17
R,HUN,178.0,Petra Mandula,Mandula P.,1978-01-17
R,USA,174.0,Corina Morariu,Morariu C.,1978-01-26
R,AUS,165.0,Annabel Ellwood,Ellwood A.,1978-02-02
R,NED,180.0,Jolanda Mens,Mens J.,1978-02-04
L,HUN,176.0,Rita Kuti Kis,Kuti Kis R.,1978-02-13
R,GBR,173.0,Claire Curran,Curran C.,1978-03-10
R,MAD,173.0,Natacha Randriantefy,Randriantefy N.,1978-03-14
R,SUI,173.0,Miroslava Vavrinec,Vavrinec M.,1978-04-01
R,USA,170.0,Lilia Osterloh,Osterloh L.,1978-04-07
R,CZE,168.0,Hana Sromova,Sromova H.,1978-04-10
R,ITA,169.0,Giulia Casoni,Casoni G.,1978-04-19
L,JPN,165.0,Saori Obata,Obata S.,1978-04-23
R,ITA,173.0,Alice Canepa,Canepa A.,1978-04-30
R,CZE,177.0,Sandra Kleinova,Kleinova S.,1978-05-08
R,GER,173.0,Adriana Barna,Barna A.,1978-05-21
R,USA,175.0,Amanda Basica,Basica A.,1978-06-20
R,RSA,177.0,Surina De Beer,De Beer S.,1978-06-28
R,SRB,180.0,Tatjana Jecmenica,Jecmenica T.,1978-07-04
R,AUT,175.0,Patricia Wartusch,Wartusch P.,1978-08-05
R,RSA,173.0,Jessica Steck,Steck J.,1978-08-06
R,POL,184.0,Magdalena Grzybowska,Grzybowska M.,1978-11-22
R,USA,175.0,Teryn Ashley,Ashley T.,1978-12-12
L,SUI,168.0,Patty Schnyder,Schnyder P.,1978-12-14
R,SVK,177.0,Henrieta Nagyova,Nagyova H.,1978-12-15
L,RUS,163.0,Eugenia Kulikovskaya,Kulikovskaya E.,1978-12-21
L,USA,168.0,Julie Ditty,Ditty J.,1979-01-04
R,COL,172.0,Fabiola Zuluaga,Zuluaga F.,1979-01-07
R,BLR,176.0,Tatiana Poutchek,Poutchek T.,1979-01-09
L,BRA,170.0,Joana Cortez,Cortez J.,1979-01-11
R,USA,173.0,Samantha Reeves,Reeves S.,1979-01-17
L,AUT,181.0,Barbara Schwartz,Schwartz B.,1979-01-27
R,CZE,174.0,Denisa Chladkova,Chladkova D.,1979-02-08
R,INA,170.0,Liza Andriyani,Andriyani L.,1979-02-12
R,ZIM,167.0,Cara Black,Black C.,1979-02-17
R,FRA,177.0,Nathalie Dechy,Dechy N.,1979-02-21
L,ESP,167.0,Magui Serna,Serna M.,1979-03-01
R,KOR,167.0,Yoon Jeong Cho,Cho J.,1979-04-02
R,FRA,170.0,Sophie Erre,Erre S.,1979-04-06
R,HUN,180.0,Greta Arn,Arn G.,1979-04-13
R,USA,180.0,Meghann Shaughnessy,Shaughnessy M.,1979-04-13
R,PHI,152.0,Marisue Jacutin,Jacutin M.,1979-05-14
R,RUS,176.0,Maria Goloviznina,Goloviznina M.,1979-06-05
R,TUR,180.0,Ipek Senoglu,Senoglu I.,1979-06-08
L,FRA,167.0,Emilie Loit,Loit E.,1979-06-09
R,GER,173.0,Sandra Kloesel,Kloesel S.,1979-06-22
R,FRA,175.0,Amelie Mauresmo,Mauresmo A.,1979-07-05
R,COL,171.0,Catalina Castano,Castano C.,1979-07-07
R,CZE,176.0,Libuse Prusova,Prusova L.,1979-07-13
L,FRA,172.0,Anne Gaelle Sidot,Sidot G.,1979-07-24
R,UKR,174.0,Anna Zaporozhanova,Zaporozhanova A.,1979-08-09
R,FRA,171.0,Severine Beltrame,Beltrame S.,1979-08-14
R,SVK,171.0,Ludmila Cervanova,Cervanova L.,1979-10-15
R,BLR,172.0,Olga Barabanschikova,Barabanschikova O.,1979-11-02
R,KAZ,178.0,Irina Selyutina,Selyutina I.,1979-11-07
R,BRA,173.0,Simone Jardim,Jardim S.,1979-11-07
R,HUN,178.0,Katalin Marosi,Marosi K.,1979-11-12
R,AUS,174.0,Bryanne Stewart,Stewart B.,1979-12-09
R,JPN,165.0,Akiko Morigami,Morigami A.,1980-01-12
R,SLO,170.0,Petra Rampre,Rampre P.,1980-01-20
R,USA,175.0,Brie Rippner,Rippner B.,1980-01-21
R,GER,174.0,Marlene Weingartner,Weingartner M.,1980-01-30
R,ROU,177.0,Raluca Sandu,Sandu R.,1980-02-03
R,DEN,175.0,Eva Dyrberg,Dyrberg E.,1980-02-17
R,CZE,176.0,Michaela Pastikova,Pastikova M.,1980-03-27
R,COL,166.0,Mariana Mesa,Mesa M.,1980-04-01
R,ITA,165.0,Alberta Brianti,Brianti A.,1980-04-05
R,ROU,170.0,Anda Perianu,Perianu A.,1980-04-07
L,AUT,174.0,Sybille Bammer,Bammer S.,1980-04-27
R,CZE,174.0,Zuzana Ondraskova,Ondraskova Z.,1980-05-03
R,BIH,179.0,Mervana Jugic Salkic,Jugic Salkic M.,1980-05-14
R,ESP,156.0,Nuria Llagostera Vives,Llagostera Vives N.,1980-05-16
R,AUS,173.0,Evie Dominikovic,Dominikovic E.,1980-05-29
L,SLO,175.0,Maja Matevzic,Matevzic M.,1980-06-13
R,USA,185.0,Venus Williams,Williams V.,1980-06-17
R,ITA,166.0,Francesca Schiavone,Schiavone F.,1980-06-23
R,USA,170.0,Marissa Irvin,Irvin M.,1980-06-23
R,ITA,168.0,Antonella Serra Zanetti,Serra Zanetti A.,1980-07-25
R,GER,176.0,Jasmin Woehr,Woehr J.,1980-08-21
R,SUI,170.0,Martina Hingis,Hingis M.,1980-09-30
R,VEN,165.0,Milagros Sequera,Sequera M.,1980-09-30
R,BLR,177.0,Nadejda Ostrovskaya,Ostrovskaya N.,1980-10-29
R,USA,180.0,Allison Bradshaw,Bradshaw A.,1980-11-14
R,SVK,170.0,Martina Sucha,Sucha M.,1980-11-20
R,INA,173.0,Wukirasih Sawondari,Sawondari W.,1980-11-20
R,USA,163.0,Christina Fusano,Fusano C.,1980-11-27
R,USA,183.0,Bea Bielik,Bielik B.,1980-11-28
R,USA,185.0,Alexandra Stevenson,Stevenson A.,1980-12-15
R,CAN,163.0,Ioana Plesu,Plesu I.,1980-12-17
L,NZL,173.0,Leanne Baker,Baker L.,1981-01-08
R,AUS,182.0,Alicia Molik,Molik A.,1981-01-27
R,USA,170.0,Jennifer Hopkins,Hopkins J.,1981-02-10
R,SLO,172.0,Tina Pisnik,Pisnik T.,1981-02-19
L,RSA,175.0,Natalie Grandin,Grandin N.,1981-02-27
R,SLO,180.0,Katarina Srebotnik,Srebotnik K.,1981-03-12
R,ESP,163.0,Lourdes Dominguez Lino,Dominguez Lino L.,1981-03-31
R,HUN,173.0,Zsofia Gubacsi,Gubacsi Z.,1981-04-06
R,INA,160.0,Wynne Prakusya,Prakusya W.,1981-04-26
R,FRA,166.0,Stephanie Foretz Gacon,Foretz Gacon S.,1981-05-03
R,USA,175.0,Laura Granville,Granville L.,1981-05-12
R,RUS,183.0,Ekaterina Sysoeva,Sysoeva E.,1981-06-03
R,RUS,173.0,Anna Kournikova,Kournikova A.,1981-06-07
R,ITA,181.0,Mara Santangelo,Santangelo M.,1981-06-28
L,CRO,168.0,Jelena Kostanic Tosic,Kostanic Tosic J.,1981-07-06
R,RUS,174.0,Anastasia Myskina,Myskina A.,1981-07-08
R,USA,175.0,Abigail Spears,Spears A.,1981-07-12
R,FRA,162.0,Camille Pin,Pin C.,1981-08-25
L,ARG,179.0,Clarisa Fernandez,Fernandez C.,1981-08-28
R,USA,170.0,Jewel Peterson,Peterson J.,1981-09-10
R,JPN,155.0,Rika Fujiwara,Fujiwara R.,1981-09-19
R,USA,175.0,Serena Williams,Williams S.,1981-09-26
R,GER,183.0,Kristina Barrois,Barrois K.,1981-09-30
R,CHN,175.0,Tian Tian Sun,Sun T.,1981-10-12
R,RUS,180.0,Elena Dementieva,Dementieva E.,1981-10-15
R,POR,182.0,Katia Rodrigues,Rodrigues K.,1981-11-30
R,USA,170.0,Ansley Cargill,Cargill A.,1982-01-05
R,UZB,170.0,Iroda Tulyaganova,Tulyaganova I.,1982-01-07
R,ARG,163.0,Jorgelina Cravero,Cravero J.,1982-01-23
R,EST,176.0,Maret Ani,Ani M.,1982-01-31
R,CZE,166.0,Klara Koukalova,Koukalova K.,1982-02-24
R,ITA,172.0,Flavia Pennetta,Pennetta F.,1982-02-25
R,CHN,172.0,Na Li,Li N.,1982-02-26
R,CRO,181.0,Mirjana Lucic,Lucic M.,1982-03-09
R,ITA,164.0,Maria Elena Camerin,Camerin E.,1982-03-21
R,AUS,161.0,Christina Wheeler,Wheeler C.,1982-04-15
R,USA,168.0,Aleke Tsoubanos,Tsoubanos A.,1982-04-27
R,AUS,167.0,Anastasia Rodionova,Rodionova A.,1982-05-12
R,CAN,172.0,Marie Eve Pelletier,Pelletier E.,1982-05-18
R,BEL,167.0,Justine Henin,Henin J.,1982-06-01
R,USA,170.0,Melissa Middleton,Middleton M.,1982-06-06
R,RUS,178.0,Nadia Petrova,Petrova N.,1982-06-08
R,JPN,170.0,Junri Namigata,Namigata J.,1982-07-05
R,ESP,169.0,Anabel Medina Garrigues,Medina Garrigues A.,1982-07-31
L,ESP,176.0,Maria Jose Martinez Sanchez,Martinez Sanchez J.,1982-08-12
R,GER,166.0,Julia Schruff,Schruff J.,1982-08-16
R,GER,184.0,Bianka Lamade,Lamade B.,1982-08-30
R,GRE,182.0,Eleni Daniilidou,Daniilidou E.,1982-09-19
R,GER,165.0,Martina Muller,Muller M.,1982-10-11
R,JPN,162.0,Kumiko Iijima,Iijima K.,1982-10-22
L,HUN,178.0,Melinda Czink,Czink M.,1982-10-22
R,ESP,176.0,Arantxa Parra Santonja,Parra Santonja A.,1982-11-09
R,BEL,167.0,Caroline Maes,Maes C.,1982-11-09
L,AUT,173.0,Sandra Klemenschits,Klemenschits S.,1982-11-13
R,FRA,172.0,Olivia Sanchez,Sanchez O.,1982-11-17
R,FRA,172.0,Julie Coin,Coin J.,1982-12-02
R,GEO,172.0,Margalita Chakhnashvili,Chakhnashvili M.,1982-12-09
R,UKR,173.0,Tatiana Perebiynis,Perebiynis T.,1982-12-15
R,THA,168.0,Suchanun Viratprasert,Viratprasert S.,1983-01-01
R,ESP,173.0,Marta Marrero,Marrero M.,1983-01-16
R,AUS,170.0,Monique Adamczak,Adamczak M.,1983-01-21
L,CZE,170.0,Iveta Benesova,Benesova I.,1983-02-01
R,ITA,163.0,Roberta Vinci,Vinci R.,1983-02-18
R,ITA,173.0,Nicole Clerico,Clerico N.,1983-03-08
R,CZE,171.0,Daja Bedanova,Bedanova D.,1983-03-09
R,RUS,189.0,Elena Bovina,Bovina E.,1983-03-10
R,CRO,170.0,Jelena Pandzic,Pandzic J.,1983-03-17
R,FRA,175.0,Stephanie Cohen Aloro,Cohen Aloro S.,1983-03-18
R,GBR,172.0,Jane Odonoghue,Odonoghue J.,1983-03-29
L,USA,157.0,Alexis King,King A.,1983-03-31
R,IND,173.0,Shikha Uberoi,Uberoi S.,1983-04-05
R,AUS,175.0,Jelena Dokic,Dokic J.,1983-04-12
L,BRA,174.0,Maria Fernanda Alves,Alves F.,1983-04-17
R,USA,180.0,Erin Burdette,Burdette E.,1983-04-19
R,SVK,181.0,Daniela Hantuchova,Hantuchova D.,1983-04-23
R,POR,170.0,Neuza Silva,Silva N.,1983-05-04
R,FRA,173.0,Virginie Razzano,Razzano V.,1983-05-12
R,ARG,174.0,Maria Emilia Salerni,Salerni E.,1983-05-14
R,LAT,171.0,Liga Dekmeijere,Dekmeijere L.,1983-05-21
R,BEL,175.0,Kim Clijsters,Clijsters K.,1983-06-08
R,UKR,166.0,Yuliana Fedak,Fedak Y.,1983-06-08
R,CHN,164.0,Jie Zheng,Zheng J.,1983-07-05
R,UKR,183.0,Julia Vakulenko,Vakulenko J.,1983-07-10
R,ITA,183.0,Silvia Disderi,Disderi S.,1983-07-10
R,GBR,175.0,Elena Baltacha,Baltacha E.,1983-08-14
R,LUX,169.0,Claudine Schaul,Schaul C.,1983-08-20
R,CRO,175.0,Ivana Abramovic,Abramovic I.,1983-09-03
R,GBR,175.0,Anne Keothavong,Keothavong A.,1983-09-16
R,AUT,175.0,Yvonne Meusburger,Meusburger Y.,1983-10-03
R,SVK,180.0,Lubomira Kurhajcova,Kurhajcova L.,1983-10-11
R,UKR,174.0,Yuliya Beygelzimer,Beygelzimer Y.,1983-10-20
R,HUN,173.0,Aniko Kapros,Kapros A.,1983-11-11
R,AUS,164.0,Nicole Kriz,Kriz N.,1983-12-13
R,JPN,163.0,Aiko Nakamura,Nakamura A.,1983-12-28
R,AUT,170.0,Tina Schiechtl,Schiechtl T.,1984-01-15
L,RUS,165.0,Galina Fokina,Fokina G.,1984-01-17
R,POR,162.0,Catarina Ferreira,Ferreira C.,1984-02-09
R,SWE,176.0,Sofia Arvidsson,Arvidsson S.,1984-02-16
R,GER,175.0,Kathrin Woerle,Woerle K.,1984-02-18
R,SUI,172.0,Marie Gaiane Mikaelian,Mikaelian G.,1984-03-03
R,RSA,176.0,Chanelle Scheepers,Scheepers C.,1984-03-13
R,BAH,168.0,Nikkita Fountain,Fountain N.,1984-03-24
R,AUS,172.0,Samantha Stosur,Stosur S.,1984-03-30
R,CRO,180.0,Darija Jurak,Jurak D.,1984-04-05
R,RUS,174.0,Lina Krasnoroutskaya,Krasnoroutskaya L.,1984-04-29
R,UZB,190.0,Akgul Amanmuradova,Amanmuradova A.,1984-06-23
R,CRO,175.0,Petra Dizdar,Dizdar P.,1984-06-30
R,USA,170.0,Shenay Perry,Perry S.,1984-07-06
R,FIN,172.0,Piia Suomalainen,Suomalainen P.,1984-07-09
R,JPN,174.0,Mai Fujii,Fujii M.,1984-07-13
R,UKR,168.0,Alona Bondarenko,Bondarenko A.,1984-08-13
R,CZE,170.0,Eva Birnerova,Birnerova E.,1984-08-14
R,RUS,172.0,Vera Zvonareva,Zvonareva V.,1984-09-07
R,POL,173.0,Klaudia Jans Ignacik,Jans Ignacik K.,1984-09-24
L,USA,173.0,Angela Haynes,Haynes A.,1984-09-27
R,FRA,170.0,Marion Bartoli,Bartoli M.,1984-10-02
R,CRO,174.0,Karolina Sprem,Sprem K.,1984-10-25
R,CHN,171.0,Zi Yan,Yan Z.,1984-11-12
R,GER,172.0,Scarlett Werner,Werner S.,1984-11-21
R,AUT,178.0,Jenny Zika,Zika J.,1984-11-22
R,ROU,165.0,Edina Gallovits Hall,Gallovits Hall E.,1984-12-10
R,INA,173.0,Angelique Widjaja,Widjaja A.,1984-12-12
R,KAZ,183.0,Galina Voskoboeva,Voskoboeva G.,1984-12-18
R,COL,168.0,Romy Farah,Farah R.,1985-01-05
R,TPE,169.0,Chin Wei Chan,Chan W.,1985-01-08
R,TPE,168.0,Chia Jung Chuang,Chuang J.,1985-01-10
R,BEL,174.0,Elke Clijsters,Clijsters E.,1985-01-18
R,ARG,170.0,Gisela Dulko,Dulko G.,1985-01-30
R,FRA,175.0,Audrey Bergot,Bergot A.,1985-02-01
R,CZE,172.0,Petra Cetkovska,Cetkovska P.,1985-02-08
L,AUS,165.0,Casey Dellacqua,Dellacqua C.,1985-02-11
R,RUS,183.0,Julia Efremova,Efremova J.,1985-02-14
R,SRB,177.0,Jelena Jankovic,Jankovic J.,1985-02-28
R,CRO,183.0,Matea Mezak,Mezak M.,1985-03-05
L,USA,175.0,Theresa Logar,Logar T.,1985-03-10
R,USA,152.0,Megan Moulton Levy,Moulton Levy M.,1985-03-11
R,USA,172.0,Ahsha Rolle,Rolle A.,1985-03-21
R,USA,168.0,Bethanie Mattek Sands,Mattek Sands B.,1985-03-23
R,AUS,168.0,Tiffany Welford,Welford T.,1985-04-12
R,CHI,174.0,Andrea Koch Benvenuto,Koch Benvenuto A.,1985-04-26
R,FRA,173.0,Mathilde Johansson,Johansson M.,1985-04-28
R,USA,165.0,Ashley Harkleroad,Harkleroad A.,1985-05-02
R,KAZ,175.0,Madina Rakhim,Rakhim M.,1985-05-09
R,CZE,177.0,Lucie Hradecka,Hradecka L.,1985-05-21
R,CRO,170.0,Nika Ozegovic,Ozegovic N.,1985-05-21
R,UKR,172.0,Mariya Koryttseva,Koryttseva M.,1985-05-25
R,GER,180.0,Anna Lena Groenefeld,Groenefeld L.,1985-06-04
R,RUS,171.0,Ekaterina Bychkova,Bychkova E.,1985-06-05
R,EST,181.0,Kaia Kanepi,Kanepi K.,1985-06-10
R,SUI,172.0,Myriam Casanova,Casanova M.,1985-06-20
R,RUS,174.0,Svetlana Kuznetsova,Kuznetsova S.,1985-06-27
R,RUS,178.0,Nina Bratchikova,Bratchikova N.,1985-06-28
L,USA,173.0,Shadisha Robinson,Robinson S.,1985-07-12
R,JPN,160.0,Shiho Tanaka,Tanaka S.,1985-08-04
R,UKR,157.0,Oxana Lyubtsova,Lyubtsova O.,1985-09-13
R,USA,178.0,Stacia Fonseca,Fonseca S.,1985-09-21
R,GBR,165.0,Rebecca Llewellyn,Llewellyn R.,1985-10-05
R,IND,170.0,Sunitha Rao,Rao S.,1985-10-27
R,JPN,167.0,Miki Miyamura,Miyamura M.,1985-11-04
R,LUX,180.0,Mandy Minella,Minella M.,1985-11-22
R,POL,166.0,Alicja Rosolska,Rosolska A.,1985-12-01
R,TPE,169.0,Su Wei Hsieh,Hsieh W.,1986-01-04
R,CHN,173.0,Shuai Peng,Peng S.,1986-01-08
R,BEL,165.0,Kirsten Flipkens,Flipkens K.,1986-01-10
R,POL,176.0,Marta Domachowska,Domachowska M.,1986-01-16
R,FRA,175.0,Pauline Parmentier,Parmentier P.,1986-01-31
R,USA,170.0,Neha Uberoi,Uberoi N.,1986-02-06
L,FRA,178.0,Claire Feuerstein,Feuerstein C.,1986-02-28
R,ROU,170.0,Delia Sescioreanu,Sescioreanu D.,1986-03-16
R,AUS,177.0,Sophie Ferguson,Ferguson S.,1986-03-19
L,FIN,164.0,Emma Laine,Laine E.,1986-03-26
R,CZE,164.0,Barbora Strycova,Strycova B.,1986-03-28
R,SUI,172.0,Romina Oprandi,Oprandi R.,1986-03-29
R,INA,161.0,Sandy Gumulya,Gumulya S.,1986-04-02
R,USA,175.0,Audra Cohen,Cohen A.,1986-04-21
R,RUS,185.0,Dinara Safina,Safina D.,1986-04-27
R,GBR,167.0,Katie Obrien,Obrien K.,1986-05-02
R,BLR,168.0,Ekaterina Dzehalevich,Dzehalevich E.,1986-05-03
R,GBR,175.0,Melanie South,South M.,1986-05-03
R,TUR,170.0,Pemra Ozgen,Ozgen P.,1986-05-08
L,USA,180.0,Varvara Lepchenko,Lepchenko V.,1986-05-21
R,USA,175.0,Elizabeth Lumpkin,Lumpkin E.,1986-05-24
R,SWE,165.0,Mari Andersson,Andersson M.,1986-07-05
R,RUS,176.0,Elena Vesnina,Vesnina E.,1986-08-01
R,UKR,175.0,Kateryna Bondarenko,Bondarenko K.,1986-08-08
R,CZE,174.0,Andrea Hlavackova,Hlavackova A.,1986-08-10
R,INA,162.0,Maya Rosa,Rosa M.,1986-08-17
R,USA,163.0,Jamea Jackson,Jackson J.,1986-09-07
R,INA,165.0,Septi Mende,Mende S.,1986-09-21
R,CAN,180.0,Heidi El Tabakh,El Tabakh H.,1986-09-25
R,AUS,165.0,Shannon Golds,Golds S.,1986-10-03
R,RUS,180.0,Vera Dushevina,Dushevina V.,1986-10-06
R,RUS,172.0,Anna Lapushchenkova,Lapushchenkova A.,1986-10-24
R,CAN,162.0,Stephanie Dubois,Dubois S.,1986-10-31
R,BLR,165.0,Anastasia Yakimova,Yakimova A.,1986-11-01
R,AUT,169.0,Patricia Mayr Achleitner,Mayr Achleitner P.,1986-11-08
R,IND,153.0,Sania Mirza,Mirza S.,1986-11-15
R,USA,178.0,Carly Gullickson,Gullickson C.,1986-11-26
L,JPN,168.0,Yurika Sema,Sema Y.,1986-12-25
L,CHN,170.0,Sheng Nan Sun,Sun N.,1987-01-21
R,RUS,173.0,Maria Kirilenko,Kirilenko M.,1987-01-25
R,AUS,180.0,Stephanie Bengson,Bengson S.,1987-01-31
L,CZE,177.0,Lucie Safarova,Safarova L.,1987-02-04
R,ESP,173.0,Estrella Cabeza Candela,Cabeza Candela E.,1987-02-20
R,THA,167.0,Nudnida Luangnam,Luangnam N.,1987-02-27
R,RUS,172.0,Anna Chakvetadze,Chakvetadze A.,1987-03-05
R,FRA,165.0,Aravane Rezai,Rezai A.,1987-03-14
R,CRO,180.0,Ivana Lisjak,Lisjak I.,1987-03-17
R,GER,170.0,Korina Perkovic,Perkovic K.,1987-04-14
R,RUS,188.0,Maria Sharapova,Sharapova M.,1987-04-19
R,AUS,174.0,Jarmila Gajdosova,Gajdosova J.,1987-04-26
R,ITA,164.0,Sara Errani,Errani S.,1987-04-29
R,BUL,168.0,Dia Evtimova,Evtimova D.,1987-04-30
R,ISR,170.0,Shahar Peer,Peer S.,1987-05-01
R,RUS,171.0,Elena Chalova,Chalova E.,1987-05-16
R,EGY,157.0,Ola Abou Zekry,Abou Zekry O.,1987-06-20
L,ARG,171.0,Maria Irigoyen,Irigoyen M.,1987-06-24
R,AUS,178.0,Karolina Wlodarczak,Wlodarczak K.,1987-06-27
R,ITA,180.0,Karin Knapp,Knapp K.,1987-06-28
R,GER,172.0,Tatjana Maria,Maria T.,1987-08-08
R,CAN,175.0,Aleksandra Wozniak,Wozniak A.,1987-09-07
R,GER,180.0,Andrea Petkovic,Petkovic A.,1987-09-09
R,RSA,173.0,Michelle Sammons,Sammons M.,1987-09-11
R,KAZ,180.0,Yaroslava Shvedova,Shvedova Y.,1987-09-12
R,BUL,180.0,Tsvetana Pironkova,Pironkova T.,1987-09-13
R,UKR,175.0,Olga Savchuk,Savchuk O.,1987-09-20
R,ROU,168.0,Monica Niculescu,Niculescu M.,1987-09-25
R,RUS,180.0,Olga Puchkova,Puchkova O.,1987-09-27
R,AUS,170.0,Bojana Bobusic,Bobusic B.,1987-10-02
R,GBR,178.0,Samantha Murray,Murray S.,1987-10-09
R,RUS,178.0,Alla Kudryavtseva,Kudryavtseva A.,1987-11-03
R,SRB,184.0,Ana Ivanovic,Ivanovic A.,1987-11-06
R,USA,175.0,Jessica Kirkland,Kirkland J.,1987-11-10
R,ITA,177.0,Giulia Gatto Monticone,Gatto Monticone G.,1987-11-18
R,ESP,169.0,Silvia Soler Espinosa,Soler Espinosa S.,1987-11-19
R,JPN,154.0,Shuko Aoyama,Aoyama S.,1987-12-19
L,COL,160.0,Karen Castiblanco,Castiblanco K.,1988-01-09
R,GBR,165.0,Georgie Gent,Gent G.,1988-01-13
R,ISR,167.0,Keren Shlomo,Shlomo K.,1988-01-14
L,GER,173.0,Angelique Kerber,Kerber A.,1988-01-18
R,CAN,170.0,Valerie Tetreault,Tetreault V.,1988-01-21
R,FRA,175.0,Tatiana Golovin,Golovin T.,1988-01-25
R,USA,180.0,Alexandra Mueller,Mueller A.,1988-02-14
L,SRB,173.0,Ana Veselinovic,Veselinovic A.,1988-02-22
R,USA,173.0,Lindsay Burdette,Burdette L.,1988-02-26
R,GER,167.0,Nicola Geuer,Geuer N.,1988-03-02
R,SRB,168.0,Teodora Mircic,Mircic T.,1988-03-03
R,GER,168.0,Laura Siegemund,Siegemund L.,1988-03-04
R,NZL,174.0,Marina Erakovic,Erakovic M.,1988-03-06
L,FRA,170.0,Violette Huck,Huck V.,1988-03-18
L,ROU,175.0,Mihaela Buzarnescu,Buzarnescu M.,1988-05-04
R,USA,178.0,Yasmin Schnack,Schnack Y.,1988-05-04
R,RUS,173.0,Maria Zharkova,Zharkova M.,1988-05-07
R,NED,170.0,Bibiane Schoofs,Schoofs B.,1988-05-13
R,ROU,173.0,Laura Ioana Andrei,Andrei I.,1988-05-31
R,USA,165.0,Elizabeth Kobak,Kobak E.,1988-06-03
R,NED,176.0,Nicole Thyssen,Thyssen N.,1988-06-05
L,RUS,178.0,Kate Makarova,Makarova K.,1988-06-07
R,POL,170.0,Anna Korzeniak,Korzeniak A.,1988-06-16
L,BUL,179.0,Dessislava Mladenova,Mladenova D.,1988-06-21
R,BRA,168.0,Teliana Pereira,Pereira T.,1988-07-20
R,ARG,170.0,Mailen Auroux,Auroux M.,1988-07-25
R,RUS,166.0,Anastasia Poltoratskaya,Poltoratskaya A.,1988-08-04
L,CHN,165.0,Yi Fan Xu,Xu F.,1988-08-08
R,SUI,175.0,Stefania Boffa,Boffa S.,1988-08-09
R,SWE,174.0,Johanna Larsson,Larsson J.,1988-08-17
R,UKR,170.0,Viktoria Kutuzova,Kutuzova V.,1988-08-19
R,BLR,182.0,Olga Govortsova,Govortsova O.,1988-08-23
R,ESP,162.0,Carla Suarez Navarro,Suarez Navarro C.,1988-09-03
R,ARG,180.0,Betina Jozami,Jozami B.,1988-09-08
R,FRA,178.0,Irena Pavlovic,Pavlovic I.,1988-09-28
R,SVK,180.0,Magdalena Rybarikova,Rybarikova M.,1988-10-04
R,GER,180.0,Julia Goerges,Goerges J.,1988-11-02
R,JPN,163.0,Erika Sema,Sema E.,1988-11-24
R,ARG,170.0,Florencia Molinero,Molinero F.,1988-11-28
R,INA,162.0,Ayu Fani Damayanti,Damayanti F.,1988-11-29
R,USA,163.0,Mary Gambale,Gambale M.,1988-12-18
R,HUN,168.0,Agnes Szavay,Szavay A.,1988-12-29
R,BRA,165.0,Vivian Segnini,Segnini V.,1989-01-03
R,NED,177.0,Michaella Krajicek,Krajicek M.,1989-01-09
R,GEO,170.0,Sofia Shapatava,Shapatava S.,1989-01-12
R,CHN,177.0,Shuai Zhang,Zhang S.,1989-01-21
R,RUS,183.0,Regina Kulikova,Kulikova R.,1989-01-30
R,RUS,170.0,Evgeniya Rodina,Rodina E.,1989-02-04
R,RUS,173.0,Marina Melnikova,Melnikova M.,1989-02-05
R,CHN,172.0,Chen Liang,Liang C.,1989-02-25
R,BOL,174.0,Maria Fernanda Alvarez Teran,Alvarez Teran F.,1989-02-28
R,RUS,179.0,Alexandra Panova,Panova A.,1989-03-02
R,ROU,173.0,Raluca Olaru,Olaru R.,1989-03-03
R,USA,165.0,Vania King,King V.,1989-03-03
R,POL,170.0,Agnieszka Radwanska,Radwanska A.,1989-03-06
R,USA,170.0,Julia Cohen,Cohen J.,1989-03-23
R,AUS,172.0,Anna Wishink,Wishink A.,1989-03-28
R,GBR,173.0,Anna Fitzpatrick,Fitzpatrick A.,1989-04-06
R,USA,170.0,Anamika Bhargava,Bhargava A.,1989-04-13
R,CZE,181.0,Nicole Vaidisova,Vaidisova N.,1989-04-23
L,GBR,170.0,Naomi Cavaday,Cavaday N.,1989-04-24
R,CHN,170.0,Jing Jing Lu,Lu J.,1989-05-05
R,SUI,186.0,Amra Sadikovic,Sadikovic A.,1989-05-06
R,SVK,161.0,Dominika Cibulkova,Cibulkova D.,1989-05-06
R,USA,170.0,Kimberly Couts,Couts K.,1989-05-09
R,FIN,170.0,Emma Sofia Helisten,Helisten S.,1989-05-11
L,USA,170.0,Lauren Jones,Jones L.,1989-05-12
R,ROU,172.0,Alexandra Dulgheru,Dulgheru A.,1989-05-30
R,UKR,174.0,Lesia Tsurenko,Tsurenko L.,1989-05-30
R,SUI,170.0,Timea Bacsinszky,Bacsinszky T.,1989-06-08
R,BRA,163.0,Ana Clara Duarte,Duarte C.,1989-06-11
R,MEX,160.0,Nazari Urbina,Urbina N.,1989-06-12
R,USA,165.0,Ashley Weinhold,Weinhold A.,1989-06-20
R,CHN,186.0,Ying Ying Duan,Duan Y.,1989-07-03
R,RUS,181.0,Alisa Kleybanova,Kleybanova A.,1989-07-15
R,SRB,170.0,Vesna Dolonc,Dolonc V.,1989-07-21
L,BRA,170.0,Roxane Vaisemberg,Vaisemberg R.,1989-07-25
R,BLR,180.0,Victoria Azarenka,Azarenka V.,1989-07-31
R,KAZ,171.0,Sesil Karatantcheva,Karatantcheva S.,1989-08-08
R,COL,169.0,Mariana Duque Marino,Duque Marino M.,1989-08-12
R,TPE,170.0,Yung Jan Chan,Chan J.,1989-08-17
R,ITA,182.0,Astrid Besser,Besser A.,1989-09-01
R,THA,169.0,Varatchaya Wongteanchai,Wongteanchai V.,1989-09-07
R,USA,183.0,Alexa Glatch,Glatch A.,1989-09-10
R,GER,178.0,Sabine Lisicki,Lisicki S.,1989-09-22
R,TUR,172.0,Cagla Buyukakcay,Buyukakcay C.,1989-09-28
R,BEL,182.0,Yanina Wickmayer,Wickmayer Y.,1989-10-20
R,HKG,178.0,Ling Zhang,Zhang L.,1989-10-28
R,GBR,175.0,Amanda Elliott,Elliott A.,1989-11-01
R,USA,178.0,Natalie Pluskota,Pluskota N.,1989-11-02
R,THA,165.0,Nungnadda Wannasuk,Wannasuk N.,1989-11-11
R,CHN,173.0,Jia Jing Lu,Lu J.,1989-11-18
R,USA,178.0,Maria Sanchez,Sanchez M.,1989-11-26
R,KGZ,174.0,Ksenia Palkina,Palkina K.,1989-12-13
R,AUS,168.0,Arina Rodionova,Rodionova A.,1989-12-15
R,ISR,171.0,Julia Glushko,Glushko J.,1990-01-01
R,AUS,167.0,Tammi Patterson,Patterson T.,1990-01-03
R,USA,173.0,Jamie Hampton,Hampton J.,1990-01-08
L,USA,175.0,Kristy Frilling,Frilling K.,1990-01-08
R,AUS,170.0,Alison Bai,Bai A.,1990-01-18
R,JPN,155.0,Shiho Akita,Akita S.,1990-01-18
R,FRA,173.0,Alize Cornet,Cornet A.,1990-01-22
R,GER,170.0,Nina Zander,Zander N.,1990-01-26
R,CHN,173.0,Kai Lin Zhang,Zhang L.,1990-01-28
R,USA,168.0,Chloe Jones,Jones C.,1990-02-01
R,GEO,171.0,Anna Tatishvili,Tatishvili A.,1990-02-03
R,LIE,167.0,Stephanie Vogt,Vogt S.,1990-02-15
R,ISR,156.0,Chen Astrogo,Astrogo C.,1990-02-25
R,GBR,189.0,Naomi Broady,Broady N.,1990-02-28
L,JPN,160.0,Yuuki Tanaka,Tanaka Y.,1990-03-07
L,CZE,183.0,Petra Kvitova,Kvitova P.,1990-03-08
R,SUI,170.0,Stefanie Voegele,Voegele S.,1990-03-10
R,JPN,163.0,Ayumi Morita,Morita A.,1990-03-11
L,ESP,165.0,Leticia Costas,Costas L.,1990-03-22
R,USA,168.0,Madison Brengle,Brengle M.,1990-04-03
R,ROU,176.0,Sorana Cirstea,Cirstea S.,1990-04-07
R,BUL,172.0,Elitsa Kostova,Kostova E.,1990-04-10
R,LAT,169.0,Anastasija Sevastova,Sevastova A.,1990-04-13
R,INA,160.0,Jessy Rompies,Rompies J.,1990-04-14
R,CAN,165.0,Sonja Molnar,Molnar S.,1990-04-29
R,ROU,170.0,Alexandra Cadantu Ignatik,Cadantu Ignatik A.,1990-05-03
R,USA,163.0,Irina Falconi,Falconi I.,1990-05-04
R,PAR,176.0,Adriana Pereira,Pereira A.,1990-05-15
R,AUT,171.0,Melanie Klaffner,Klaffner M.,1990-05-22
R,SVK,163.0,Kristina Kucova,Kucova K.,1990-05-23
L,CHN,172.0,Xinyun Han,Han X.,1990-05-30
L,SUI,178.0,Nicole Riner,Riner N.,1990-06-13
R,RUS,181.0,Anastasia Pivovarova,Pivovarova A.,1990-06-16
R,RUS,165.0,Ksenia Lykina,Lykina K.,1990-06-19
R,NZL,170.0,Abigail Guthrie,Guthrie A.,1990-06-22
R,USA,173.0,Alison Riske Amritraj,Riske Amritraj A.,1990-07-03
R,DEN,177.0,Caroline Wozniacki,Wozniacki C.,1990-07-11
R,GER,185.0,Mona Barthel,Barthel M.,1990-07-11
R,FRA,173.0,Alize Lim,Lim A.,1990-07-13
R,IND,183.0,Poojashree Venkatesha,Venkatesha P.,1990-07-27
R,CHN,160.0,Chang Liu,Liu C.,1990-08-01
R,RUS,170.0,Vitalia Diatchenko,Diatchenko V.,1990-08-02
R,BLR,172.0,Ksenia Milevskaya,Milevskaya K.,1990-08-09
R,BRA,173.0,Paula Cristina Goncalves,Goncalves C.,1990-08-11
R,AUS,167.0,Jessica Moore,Moore J.,1990-08-16
R,ROU,181.0,Irina Camelia Begu,Begu C.,1990-08-26
R,USA,180.0,Chelsey Gullickson,Gullickson C.,1990-08-29
R,SLO,178.0,Tadeja Majeric,Majeric T.,1990-08-31
R,DOM,170.0,Francesca Segarelli,Segarelli F.,1990-09-05
L,GEO,184.0,Oksana Kalashnikova,Kalashnikova O.,1990-09-05
R,CRO,173.0,Tereza Mrdeza,Mrdeza T.,1990-11-14
R,USA,173.0,Alexa Guarachi,Guarachi A.,1990-11-17
R,CAN,163.0,Sharon Fichman,Fichman S.,1990-12-03
R,AUT,165.0,Tamira Paszek,Paszek T.,1990-12-06
R,POL,177.0,Urszula Radwanska,Radwanska U.,1990-12-07
L,NED,180.0,Arantxa Rus,Rus A.,1990-12-13
R,CAN,183.0,Rebecca Marino,Marino R.,1990-12-16
R,FRA,174.0,Myrtille Georges,Georges M.,1990-12-21
R,SUI,174.0,Conny Perrin,Perrin C.,1990-12-25
R,INA,161.0,Beatrice Gumulya,Gumulya B.,1991-01-01
R,TPE,167.0,Kai Chen Chang,Chang C.,1991-01-13
R,CRO,181.0,Petra Martic,Martic P.,1991-01-19
R,SLO,182.0,Polona Hercog,Hercog P.,1991-01-20
R,USA,178.0,Mallory Burdette,Burdette M.,1991-01-28
R,AUT,178.0,Nikola Hofmanova,Hofmanova N.,1991-02-03
R,POL,173.0,Katarzyna Piter,Piter K.,1991-02-16
R,GBR,188.0,Jocelyn Rae,Rae J.,1991-02-20
R,RUS,167.0,Valeria Savinykh,Savinykh V.,1991-02-20
R,RUS,170.0,Marta Sirotkina,Sirotkina M.,1991-03-22
R,SLO,178.0,Dalila Jakupovic,Jakupovic D.,1991-03-24
R,BUL,170.0,Dalia Zafirova,Zafirova D.,1991-04-02
R,USA,178.0,Asia Muhammad,Muhammad A.,1991-04-04
L,JPN,159.0,Misaki Doi,Doi M.,1991-04-29
R,GBR,180.0,Johanna Konta,Konta J.,1991-05-17
R,OMA,170.0,Fatma Al Nabhani,Al Nabhani F.,1991-05-20
L,KAZ,170.0,Ksenia Pervak,Pervak K.,1991-05-27
R,USA,160.0,Danielle Lao,Lao D.,1991-05-28
R,AUS,162.0,Sally Peers,Peers S.,1991-06-01
R,USA,165.0,Gail Brodsky,Brodsky G.,1991-06-05
L,PER,178.0,Bianca Botto,Botto B.,1991-06-06
R,AUS,175.0,Olivia Rogowska,Rogowska O.,1991-06-07
R,FRA,158.0,Irina Ramialison,Ramialison I.,1991-06-09
R,GER,183.0,Anna Zaja,Zaja A.,1991-06-25
R,RUS,177.0,Anastasia Pavlyuchenkova,Pavlyuchenkova A.,1991-07-03
R,ITA,170.0,Gioia Barbieri,Barbieri G.,1991-07-09
R,ARG,170.0,Aranza Salut,Salut A.,1991-07-12
R,ESP,167.0,Nuria Parrizas Diaz,Parrizas Diaz N.,1991-07-15
R,HUN,161.0,Reka Luca Jani,Jani L.,1991-07-31
R,THA,174.0,Nicha Lertpitaksinchai,Lertpitaksinchai N.,1991-08-14
R,RUS,170.0,Anna Morgina,Morgina A.,1991-08-21
R,EST,170.0,Anett Schutting,Schutting A.,1991-08-24
R,USA,178.0,Jacqueline Cako,Cako J.,1991-08-30
R,USA,181.0,Julia Boserup,Boserup J.,1991-09-09
R,ROU,175.0,Cristina Andreea Mitu,Mitu A.,1991-09-22
R,USA,168.0,Melanie Oudin,Oudin M.,1991-09-23
R,ROU,168.0,Simona Halep,Halep S.,1991-09-27
R,VEN,165.0,Gabriela Paz,Paz G.,1991-09-30
R,SWE,165.0,Anna Brazhnikova,Brazhnikova A.,1991-10-04
R,BUL,184.0,Isabella Shinikova,Shinikova I.,1991-10-25
R,NED,172.0,Lesley Pattinama Kerkhove,Pattinama Kerkhove L.,1991-11-04
R,THA,167.0,Noppawan Lertcheewakarn,Lertcheewakarn N.,1991-11-18
R,USA,185.0,Coco Vandeweghe,Vandeweghe C.,1991-12-06
R,NED,182.0,Kiki Bertens,Bertens K.,1991-12-10
L,SUI,173.0,Lara Michel,Michel L.,1991-12-24
R,ITA,168.0,Camila Giorgi,Giorgi C.,1991-12-30
R,JPN,155.0,Kurumi Nara,Nara K.,1991-12-30
R,SRB,175.0,Bojana Jovanovski,Jovanovski B.,1991-12-31
R,RUS,170.0,Anna Arina Marenko,Marenko A.,1992-01-02
R,POL,172.0,Sandra Zaniewska,Zaniewska S.,1992-01-03
R,GER,171.0,Dinah Pfizenmaier,Pfizenmaier D.,1992-01-13
R,USA,175.0,Kaitlyn Christian,Christian K.,1992-01-13
L,USA,170.0,Chieh Yu Hsu,Hsu Y.,1992-01-14
R,CHN,172.0,Qiang Wang,Wang Q.,1992-01-14
L,UKR,182.0,Anastasiya Vasylyeva,Vasylyeva A.,1992-01-18
R,PAR,163.0,Veronica Cepede Royg,Cepede Royg V.,1992-01-21
R,BEL,160.0,Sofie Oyen,Oyen S.,1992-02-04
R,RUS,168.0,Yana Buchina,Buchina Y.,1992-02-07
R,POL,171.0,Magda Linette,Linette M.,1992-02-12
R,CHI,172.0,Fernanda Brito,Brito F.,1992-02-14
R,IND,160.0,Ashvarya Shrivastava,Shrivastava A.,1992-02-19
R,ITA,178.0,Nastassja Burnett,Burnett N.,1992-02-20
R,FIN,178.0,Cecilia Estlander,Estlander C.,1992-02-26
R,BUL,170.0,Aleksandrina Naydenova,Naydenova A.,1992-02-29
R,ESP,166.0,Lara Arruabarrena,Arruabarrena L.,1992-03-20
R,CZE,184.0,Karolina Pliskova,Pliskova K.,1992-03-21
L,CZE,184.0,Kristyna Pliskova,Pliskova K.,1992-03-21
R,BLR,181.0,Polina Pekhova,Pekhova P.,1992-03-21
L,ROU,183.0,Elena Bogdan,Bogdan E.,1992-03-28
R,PAR,157.0,Isabella Robbiani,Robbiani I.,1992-03-30
R,CAN,175.0,Gabriela Dabrowski,Dabrowski G.,1992-04-01
L,ITA,170.0,Gaia Sanesi,Sanesi G.,1992-04-01
R,USA,175.0,Beatrice Capra,Capra B.,1992-04-06
R,NED,168.0,Richel Hogenkamp,Hogenkamp R.,1992-04-16
R,JPN,173.0,Misa Eguchi,Eguchi M.,1992-04-18
R,ESP,173.0,Maria Teresa Torro Flor,Torro Flor T.,1992-05-02
R,UKR,170.0,Alyona Sotnikova,Sotnikova A.,1992-05-05
R,UZB,162.0,Albina Khabibulina,Khabibulina A.,1992-05-11
R,USA,170.0,Christina Mchale,Mchale C.,1992-05-11
R,GBR,170.0,Heather Watson,Watson H.,1992-05-19
R,ITA,165.0,Martina Caregaro,Caregaro M.,1992-05-19
R,JPN,162.0,Miharu Imanishi,Imanishi M.,1992-05-20
R,USA,165.0,Kristie Ahn,Ahn K.,1992-06-15
R,UKR,175.0,Lyudmyla Kichenok,Kichenok L.,1992-07-20
R,UKR,172.0,Nadiya Kichenok,Kichenok N.,1992-07-20
R,LAT,170.0,Diana Marcinkevica,Marcinkevica D.,1992-08-03
R,GBR,163.0,Tara Moore,Moore T.,1992-08-06
L,RSA,165.0,Chanel Simmonds,Simmonds C.,1992-08-10
R,BIH,178.0,Ema Burgic,Burgic E.,1992-08-22
L,SUI,175.0,Xenia Knoll,Knoll X.,1992-09-02
R,JPN,164.0,Sachie Ishizu,Ishizu S.,1992-09-03
R,ARG,170.0,Paula Ormaechea,Ormaechea P.,1992-09-28
R,BLR,183.0,Lidziya Marozava,Marozava L.,1992-10-08
R,USA,175.0,Shelby Rogers,Rogers S.,1992-10-13
R,SUI,169.0,Viktorija Golubic,Golubic V.,1992-10-16
R,VEN,162.0,Andrea Gamiz,Gamiz A.,1992-10-31
R,RUS,168.0,Valeria Solovieva,Solovieva V.,1992-11-03
R,POL,168.0,Paula Kania,Kania P.,1992-11-06
R,THA,169.0,Peangtarn Plipuech,Plipuech P.,1992-11-15
R,POL,178.0,Katarzyna Kawa,Kawa K.,1992-11-17
R,VEN,163.0,Adriana Perez,Perez A.,1992-11-20
R,ROU,171.0,Ana Bogdan,Bogdan A.,1992-11-25
R,AUS,165.0,Sophie Letcher,Letcher S.,1992-11-29
R,CHI,160.0,Cecilia Costa Melgar,Costa Melgar C.,1992-12-26
R,IND,163.0,Ankita Raina,Raina A.,1993-01-11
R,FRA,164.0,Amandine Hesse,Hesse A.,1993-01-16
R,JPN,162.0,Akiko Omae,Omae A.,1993-01-29
R,POR,165.0,Michelle Larcher De Brito,Larcher De Brito M.,1993-01-29
R,GRE,178.0,Despina Papamichail,Papamichail D.,1993-02-09
R,USA,157.0,Sabrina Santamaria,Santamaria S.,1993-02-24
R,USA,168.0,Nicole Gibbs,Gibbs N.,1993-03-03
R,MEX,170.0,Giuliana Olmos,Olmos G.,1993-03-04
R,BLR,169.0,Anna Orlik,Orlik A.,1993-03-05
R,CZE,180.0,Denisa Allertova,Allertova D.,1993-03-07
R,THA,177.0,Katherine Westbury,Westbury K.,1993-03-14
R,SRB,163.0,Aleksandra Krunic,Krunic A.,1993-03-15
R,USA,170.0,Sloane Stephens,Stephens S.,1993-03-20
R,USA,160.0,Robin Anderson,Anderson R.,1993-04-12
R,AUS,180.0,Ajla Tomljanovic,Tomljanovic A.,1993-05-07
R,HUN,179.0,Timea Babos,Babos T.,1993-05-10
R,FRA,184.0,Kristina Mladenovic,Mladenovic K.,1993-05-14
R,COL,175.0,Yuliana Lizarazo,Lizarazo Y.,1993-05-23
R,SVK,168.0,Jana Cepelova,Cepelova J.,1993-05-29
R,TUR,168.0,Melis Sezer,Sezer M.,1993-06-02
R,UKR,163.0,Valentyna Ivakhnenko,Ivakhnenko V.,1993-06-27
R,CRO,163.0,Silvia Njiric,Njiric S.,1993-07-09
R,THA,167.0,Luksika Kumkhum,Kumkhum L.,1993-07-21
R,USA,170.0,Lauren Herring,Herring L.,1993-07-23
R,NED,170.0,Demi Schuurs,Schuurs D.,1993-08-01
R,RUS,173.0,Ekaterina Yashina,Yashina E.,1993-08-06
R,BEL,175.0,Maryna Zanevska,Zanevska M.,1993-08-24
R,AUS,165.0,Alexandra Nancarrow,Nancarrow A.,1993-09-01
R,IRL,183.0,Amy Bowtell,Bowtell A.,1993-09-16
R,TPE,175.0,Hao Ching Chan,Chan C.,1993-09-19
R,PUR,170.0,Monica Puig,Puig M.,1993-09-27
R,SRB,180.0,Jovana Jaksic,Jaksic J.,1993-09-30
R,ESP,182.0,Garbine Muguruza,Muguruza G.,1993-10-08
R,ARM,168.0,Ani Amiraghyan,Amiraghyan A.,1993-10-09
R,USA,157.0,Lauren Davis,Davis L.,1993-10-09
R,FRA,177.0,Caroline Garcia,Garcia C.,1993-10-16
R,KAZ,172.0,Zarina Diyas,Diyas Z.,1993-10-18
L,ITA,160.0,Martina Trevisan,Trevisan M.,1993-11-03
R,USA,178.0,Danielle Collins,Collins D.,1993-12-13
R,ECU,171.0,Charlotte Roemer,Roemer C.,1994-01-08
L,USA,170.0,Desirae Krawczyk,Krawczyk D.,1994-01-11
L,GBR,180.0,Laura Robson,Robson L.,1994-01-21
R,CHN,173.0,Lin Zhu,Zhu L.,1994-01-28
R,CHN,170.0,Saisai Zheng,Zheng S.,1994-02-05
R,GER,170.0,Annika Beck,Beck A.,1994-02-16
R,JPN,168.0,Eri Hozumi,Hozumi E.,1994-02-17
R,UKR,175.0,Kateryna Baindl,Baindl K.,1994-02-20
R,USA,170.0,Jessica Pegula,Pegula J.,1994-02-24
R,CAN,178.0,Eugenie Bouchard,Bouchard E.,1994-02-25
R,AUS,166.0,Daria Saville,Saville D.,1994-03-05
R,BEL,170.0,An Sophie Mestach,Mestach S.,1994-03-07
R,BLR,174.0,Aliaksandra Sasnovich,Sasnovich A.,1994-03-22
R,BEL,173.0,Alison Van Uytvanck,Van Uytvanck A.,1994-03-26
R,AUS,170.0,Viktorija Rajicic,Rajicic V.,1994-04-07
R,JPN,163.0,Risa Ozaki,Ozaki R.,1994-04-10
R,CHN,170.0,Yafan Wang,Wang Y.,1994-04-30
R,BOL,168.0,Noelia Zeballos,Zeballos N.,1994-05-02
R,USA,163.0,Grace Min,Min G.,1994-05-06
R,LIE,176.0,Kathinka Von Deichmann,Von Deichmann K.,1994-05-16
R,USA,175.0,Maya Jansen,Jansen M.,1994-05-27
R,JPN,157.0,Makoto Ninomiya,Ninomiya M.,1994-05-28
R,USA,165.0,Julia Elbaba,Elbaba J.,1994-06-13
R,FRA,179.0,Chloe Paquet,Paquet C.,1994-07-01
R,PAR,170.0,Montserrat Gonzalez,Gonzalez M.,1994-07-01
R,UZB,184.0,Nigina Abduraimova,Abduraimova N.,1994-07-07
R,SLO,176.0,Nastja Kolar,Kolar N.,1994-07-15
R,AUS,175.0,Abbie Myers,Myers A.,1994-07-18
R,JPN,168.0,Erina Hayashi,Hayashi E.,1994-07-21
L,KOR,172.0,So Ra Lee,Lee R.,1994-07-22
R,BRA,164.0,Laura Pigossi,Pigossi L.,1994-08-02
R,MKD,180.0,Lina Gjorcheska,Gjorcheska L.,1994-08-03
L,AUS,166.0,Storm Hunter,Hunter S.,1994-08-11
R,ITA,173.0,Angelica Moratelli,Moratelli A.,1994-08-17
R,CHN,179.0,Yuxuan Zhang,Zhang Y.,1994-08-19
R,FRA,162.0,Manon Arcangioli,Arcangioli M.,1994-08-28
R,TUN,167.0,Ons Jabeur,Jabeur O.,1994-08-28
L,BEL,178.0,Ysaline Bonaventure,Bonaventure Y.,1994-08-29
R,RUS,183.0,Margarita Gasparyan,Gasparyan M.,1994-09-01
R,UZB,174.0,Sabina Sharipova,Sharipova S.,1994-09-04
R,UKR,174.0,Elina Svitolina,Svitolina E.,1994-09-12
R,SVK,176.0,Anna Karolina Schmiedlova,Schmiedlova K.,1994-09-13
R,GER,180.0,Stephanie Wagner,Wagner S.,1994-09-17
R,LTU,172.0,Joana Eidukonyte,Eidukonyte J.,1994-10-02
R,CZE,176.0,Tereza Smitkova,Smitkova T.,1994-10-10
R,ISR,175.0,Deniz Khazaniuk,Khazaniuk D.,1994-10-24
R,CZE,178.0,Tereza Martincova,Martincova T.,1994-10-24
R,JPN,163.0,Riko Sawayanagi,Sawayanagi R.,1994-10-25
L,FIN,176.0,Mia Nicole Eklund,Eklund N.,1994-10-30
R,USA,178.0,Quinn Gleason,Gleason Q.,1994-11-10
R,RUS,175.0,Ekaterina Alexandrova,Alexandrova E.,1994-11-15
R,MNE,169.0,Danka Kovinic,Kovinic D.,1994-11-18
R,JPN,156.0,Miyu Kato,Kato M.,1994-11-21
R,JPN,163.0,Nao Hibino,Hibino N.,1994-11-28
L,USA,175.0,Bernarda Pera,Pera B.,1994-12-03
R,KAZ,163.0,Yulia Putintseva,Putintseva Y.,1995-01-07
R,AUS,173.0,Belinda Woolcock,Woolcock B.,1995-01-24
R,GER,176.0,Carina Witthoeft,Witthoeft C.,1995-02-16
R,GBR,167.0,Katy Dunne,Dunne K.,1995-02-16
R,USA,178.0,Madison Keys,Keys M.,1995-02-17
R,USA,188.0,Samantha Crawford,Crawford S.,1995-02-18
R,BUL,170.0,Viktoriya Tomova,Tomova V.,1995-02-25
R,USA,168.0,Jamie Loeb,Loeb J.,1995-03-08
R,UZB,173.0,Alina Abdurakhimova,Abdurakhimova A.,1995-03-23
L,AUS,175.0,Alexandra Osborne,Osborne A.,1995-04-08
R,CAN,188.0,Erin Routliffe,Routliffe E.,1995-04-11
R,USA,178.0,Jennifer Brady,Brady J.,1995-04-12
R,USA,168.0,Maegan Manasse,Manasse M.,1995-04-16
R,INA,170.0,Aldila Sutjiadi,Sutjiadi A.,1995-05-02
R,USA,162.0,Sachia Vickery,Vickery S.,1995-05-11
L,RUS,170.0,Irina Khromacheva,Khromacheva I.,1995-05-12
R,GER,170.0,Tamara Korpatsch,Korpatsch T.,1995-05-12
R,USA,180.0,Hayley Carter,Carter H.,1995-05-17
R,RSA,160.0,Jessica Simpson,Simpson J.,1995-06-19
R,CAN,165.0,Carol Zhao,Zhao C.,1995-06-20
R,JPN,170.0,Ayaka Okuno,Okuno A.,1995-06-21
R,CRO,170.0,Adrijana Lekaj,Lekaj A.,1995-06-29
R,USA,170.0,Allie Kiick,Kiick A.,1995-06-30
R,GRE,168.0,Despoina Vogasari,Vogasari D.,1995-07-09
R,TPE,165.0,Ya Hsuan Lee,Lee H.,1995-07-20
R,GRE,172.0,Maria Sakkari,Sakkari M.,1995-07-25
R,SWE,173.0,Rebecca Peterson,Peterson R.,1995-08-06
R,AUS,178.0,Astra Sharma,Sharma A.,1995-09-11
L,AUS,169.0,Ellen Perez,Perez E.,1995-10-10
R,GBR,165.0,Yuriko Miyazaki,Miyazaki Y.,1995-11-11
R,BEL,179.0,Elise Mertens,Mertens E.,1995-11-17
R,USA,178.0,Victoria Duval,Duval V.,1995-11-30
R,CHN,180.0,Fangzhou Liu,Liu F.,1995-12-12
R,CZE,178.0,Barbora Krejcikova,Krejcikova B.,1995-12-18
R,EST,174.0,Anett Kontaveit,Kontaveit A.,1995-12-24
R,ITA,160.0,Jasmine Paolini,Paolini J.,1996-01-04
R,COL,170.0,Maria Paulina Perez Garcia,Perez Garcia P.,1996-01-10
R,COL,168.0,Paula Andrea Perez Garcia,Perez Garcia A.,1996-01-10
R,USA,168.0,Brooke Austin,Austin B.,1996-02-12
R,BUL,180.0,Julia Terziyska,Terziyska J.,1996-03-05
R,AUT,165.0,Barbara Haas,Haas B.,1996-03-19
R,JPN,165.0,Mayo Hibi,Hibi M.,1996-04-03
R,TUR,174.0,Ipek Soylu,Soylu I.,1996-04-15
L,USA,170.0,Taylor Townsend,Townsend T.,1996-04-16
R,AUS,166.0,Ashleigh Barty,Barty A.,1996-04-24
R,EGY,180.0,Mayar Sherif,Sherif M.,1996-05-05
R,CZE,174.0,Katerina Siniakova,Siniakova K.,1996-05-10
R,USA,175.0,Louisa Chirico,Chirico L.,1996-05-16
L,BRA,185.0,Beatriz Haddad Maia,Haddad Maia B.,1996-05-30
R,ITA,170.0,Deborah Chiesa,Chiesa D.,1996-06-13
R,CRO,179.0,Donna Vekic,Vekic D.,1996-06-28
R,AUT,170.0,Julia Grabher,Grabher J.,1996-07-02
R,USA,170.0,Ayla Aksu,Aksu A.,1996-07-15
R,GBR,175.0,Harriet Dart,Dart H.,1996-07-28
R,SRB,176.0,Nina Stojanovic,Stojanovic N.,1996-07-30
R,GBR,180.0,Katie Boulter,Boulter K.,1996-08-01
R,MAS,165.0,Alyssa Boey,Boey A.,1996-08-10
R,GER,185.0,Antonia Lottner,Lottner A.,1996-08-13
R,CZE,178.0,Karolina Muchova,Muchova K.,1996-08-21
R,USA,170.0,Rianna Valdes,Valdes R.,1996-09-03
R,ESP,176.0,Sara Sorribes Tormo,Sorribes Tormo S.,1996-10-08
R,CRO,168.0,Jana Fett,Fett J.,1996-11-02
R,GER,167.0,Julia Jung,Jung J.,1996-11-29
R,RUS,175.0,Varvara Flink,Flink V.,1996-12-13
L,CAN,170.0,Maria Patrascu,Patrascu M.,1997-01-19
R,CAN,178.0,Charlotte Petrick,Petrick C.,1997-01-31
R,CAN,178.0,Francoise Abanda,Abanda F.,1997-02-05
R,UKR,179.0,Anhelina Kalinina,Kalinina A.,1997-02-07
R,ARG,170.0,Nadia Podoroska,Podoroska N.,1997-02-10
R,RUS,185.0,Natalia Vikhlyantseva,Vikhlyantseva N.,1997-02-16
R,SUI,175.0,Belinda Bencic,Bencic B.,1997-03-10
R,FRA,170.0,Fiona Ferro,Ferro F.,1997-03-12
R,USA,165.0,Emma Davis,Davis E.,1997-03-16
L,COL,166.0,Maria Fernanda Herazo Gonzalez,Herazo Gonzalez F.,1997-03-22
R,FRA,178.0,Margot Yerolymos,Yerolymos M.,1997-04-19
R,RUS,175.0,Veronika Kudermetova,Kudermetova V.,1997-04-24
R,SRB,174.0,Ivana Jorovic,Jorovic I.,1997-05-03
R,RUS,170.0,Daria Kasatkina,Kasatkina D.,1997-05-07
R,AUS,167.0,Olivia Tjandramulia,Tjandramulia O.,1997-05-11
R,GER,180.0,Lisa Ponomar,Ponomar L.,1997-05-21
L,RSA,158.0,Katie Poluta,Poluta K.,1997-05-29
R,RUS,175.0,Maria Marfutina,Marfutina M.,1997-06-05
R,LAT,177.0,Jelena Ostapenko,Ostapenko J.,1997-06-08
R,ITA,173.0,Bianca Turati,Turati B.,1997-06-17
R,GER,171.0,Katharina Hobgarski,Hobgarski K.,1997-06-18
R,USA,170.0,Melissa Lord,Lord M.,1997-06-24
L,SUI,170.0,Jil Teichmann,Teichmann J.,1997-07-15
L,USA,170.0,Francesca Di Lorenzo,Di Lorenzo F.,1997-07-22
R,BRA,168.0,Luisa Stefani,Stefani L.,1997-08-09
R,CAN,170.0,Ayan Broomfield,Broomfield A.,1997-08-13
R,JPN,180.0,Naomi Osaka,Osaka N.,1997-10-16
R,EGY,170.0,Sandra Samir,Samir S.,1997-11-04
R,TKM,159.0,Jahana Bayramova,Bayramova J.,1997-11-05
R,MDA,172.0,Aliona Bolsova,Bolsova A.,1997-11-06
R,GBR,180.0,Freya Christie,Christie F.,1997-11-08
R,ESP,180.0,Paula Badosa,Badosa P.,1997-11-15
R,USA,173.0,Brienne Minor,Minor B.,1997-11-25
R,POL,171.0,Magdalena Frech,Frech M.,1997-12-15
R,GBR,174.0,Naiktha Bains,Bains N.,1997-12-17
R,AUS,167.0,Lizette Cabrera,Cabrera L.,1997-12-19
R,SLO,168.0,Tamara Zidansek,Zidansek T.,1997-12-26
R,CRO,174.0,Ana Konjuh,Konjuh A.,1997-12-27
R,AUS,171.0,Maddison Inglis,Inglis M.,1998-01-14
R,USA,170.0,Ena Shibahara,Shibahara E.,1998-02-12
R,USA,173.0,Jessie Aney,Aney J.,1998-04-19
R,AUS,170.0,Kimberly Birrell,Birrell K.,1998-04-29
R,BLR,182.0,Aryna Sabalenka,Sabalenka A.,1998-05-05
R,AUS,171.0,Priscilla Hon,Hon P.,1998-05-10
L,JPN,161.0,Chihiro Muramatsu,Muramatsu C.,1998-05-22
R,SVK,179.0,Tereza Mihalikova,Mihalikova T.,1998-06-02
R,ROU,180.0,Jaqueline Cristian,Cristian J.,1998-06-05
R,USA,168.0,Ingrid Neel,Neel I.,1998-06-16
R,IND,183.0,Karman Thandi,Thandi K.,1998-06-16
R,CZE,180.0,Marie Bouzkova,Bouzkova M.,1998-07-21
R,JPN,158.0,Momoko Kobori,Kobori M.,1998-08-22
R,USA,178.0,Caroline Dolehide,Dolehide C.,1998-09-05
R,RUS,179.0,Anna Blinkova,Blinkova A.,1998-09-10
R,CHN,184.0,Yue Yuan,Yuan Y.,1998-09-25
R,HUN,170.0,Panna Udvardy,Udvardy P.,1998-09-28
R,BLR,184.0,Vera Lapko,Lapko V.,1998-09-29
L,UKR,177.0,Olga Fridman,Fridman O.,1998-09-30
R,ECU,175.0,Camila Romero,Romero C.,1998-10-05
R,FRA,169.0,Tessah Andrianjafitrimo,Andrianjafitrimo T.,1998-10-11
R,USA,165.0,Usue Maitane Arconada,Arconada M.,1998-10-28
R,RUS,180.0,Liudmila Samsonova,Samsonova L.,1998-11-11
R,HUN,172.0,Fanny Stollar,Stollar F.,1998-11-12
R,USA,170.0,Sofia Kenin,Kenin S.,1998-11-14
R,RUS,175.0,Anna Kalinskaya,Kalinskaya A.,1998-12-02
R,NZL,170.0,Jade Lewis,Lewis J.,1998-12-18
R,CAN,173.0,Katherine Sebov,Sebov K.,1999-01-05
L,USA,180.0,Ashley Kratzer,Kratzer A.,1999-02-08
R,GBR,170.0,Katie Swan,Swan K.,1999-03-24
R,MKD,165.0,Katarina Marinkovikj,Marinkovikj K.,1999-05-06
R,KAZ,184.0,Elena Rybakina,Rybakina E.,1999-06-17
L,CZE,173.0,Marketa Vondrousova,Vondrousova M.,1999-06-28
R,USA,170.0,Sofia Sewing,Sewing S.,1999-07-22
R,ESP,186.0,Rebeka Masarova,Masarova R.,1999-08-06
R,GER,178.0,Jule Niemeier,Niemeier J.,1999-08-12
R,AUS,168.0,Jaimee Fourlis,Fourlis J.,1999-09-17
R,USA,178.0,Cameron Morra,Morra C.,1999-09-20
L,USA,173.0,Kayla Day,Day K.,1999-09-28
R,RUS,176.0,Sofya Zhuk,Zhuk S.,1999-12-01
R,USA,172.0,Ava Markham,Markham A.,1999-12-29
R,UKR,173.0,Katarina Zavatska,Zavatska K.,2000-02-05
R,USA,180.0,Alyssa Mayo,Mayo A.,2000-02-10
R,KAZ,172.0,Zhibek Kulambayeva,Kulambayeva Z.,2000-03-26
R,AUS,175.0,Destanee Aiava,Aiava D.,2000-05-10
R,UKR,175.0,Dayana Yastremska,Yastremska D.,2000-05-15
R,USA,170.0,Claire Liu,Liu C.,2000-05-25
R,CAN,170.0,Bianca Andreescu,Andreescu B.,2000-06-16
R,USA,170.0,Ann Li,Li A.,2000-06-26
R,USA,180.0,Carson Branstine,Branstine C.,2000-09-09
R,RUS,183.0,Maria Titova,Titova M.,2000-09-21
R,SUI,176.0,Leonie Kung,Kung L.,2000-10-21
R,SLO,170.0,Kaja Juvan,Juvan K.,2000-11-25
R,USA,185.0,Alycia Parks,Parks A.,2000-12-31
R,FRA,176.0,Clara Burel,Burel C.,2001-03-24
R,NZL,172.0,Valentina Ivanov,Ivanov V.,2001-03-27
R,RUS,175.0,Anastasia Potapova,Potapova A.,2001-03-30
R,POL,176.0,Iga Swiatek,Swiatek I.,2001-05-31
R,JPN,171.0,Moyuka Uchijima,Uchijima M.,2001-08-11
R,USA,170.0,Chloe Beck,Beck C.,2001-08-30
R,USA,180.0,Amanda Anisimova,Anisimova A.,2001-08-31
R,CHN,182.0,Xin Yu Wang,Wang Y.,2001-09-26
R,COL,162.0,Camila Osorio,Osorio C.,2001-12-22
R,GER,165.0,Eva Lys,Lys E.,2002-01-12
R,JPN,168.0,Himari Sato,Sato H.,2002-04-10
R,USA,168.0,Whitney Osuigwe,Osuigwe W.,2002-04-17
R,UKR,175.0,Marta Kostyuk,Kostyuk M.,2002-06-28
R,FRA,170.0,Diane Parry,Parry D.,2002-09-01
R,USA,168.0,Alexa Noel,Noel A.,2002-09-06
L,CAN,168.0,Leylah Fernandez,Fernandez L.,2002-09-06
R,GBR,175.0,Emma Raducanu,Raducanu E.,2002-11-13
R,DEN,182.0,Clara Tauson,Tauson C.,2002-12-21
R,GER,170.0,Julia Middendorf,Middendorf J.,2003-01-31
L,GER,170.0,Noma Noha Akugue,Noha Akugue N.,2003-12-02
R,USA,175.0,Coco Gauff,Gauff C.,2004-03-13
R,USA,185.0,Ashlyn Krueger,Krueger A.,2004-05-07
R,ITA,167.0,Giulia Martinelli,Martinelli G.,2004-05-17
R,USA,180.0,Katrina Scott,Scott K.,2004-06-11
L,PHI,173.0,Alexandra Eala,Eala A.,2005-05-23
